PDB_ID,Protein_Name,Ligand,Active_Chains,Flexible_Residues,Best_Affinity_kcal/mol
8PQ9,MAST/STEM CELL GROWTH FACTOR RECEPTOR KIT,avapritinib,A,"CYS_673_A, LEU_625_A, MET_624_A, GLU_671_A, GLY_598_A",-11.17
8PQ9,MAST/STEM CELL GROWTH FACTOR RECEPTOR KIT,nilotinib,A,"CYS_673_A, LEU_625_A, MET_624_A, GLU_671_A, GLY_598_A",-10.94
8PQ9,MAST/STEM CELL GROWTH FACTOR RECEPTOR KIT,imatinib,A,"CYS_673_A, LEU_625_A, MET_624_A, GLU_671_A, GLY_598_A",-10.23
8PQ9,MAST/STEM CELL GROWTH FACTOR RECEPTOR KIT,cholesterol,A,"CYS_673_A, LEU_625_A, MET_624_A, GLU_671_A, GLY_598_A",-9.306
8PQ9,MAST/STEM CELL GROWTH FACTOR RECEPTOR KIT,sunitinib,A,"CYS_673_A, LEU_625_A, MET_624_A, GLU_671_A, GLY_598_A",-8.454
8PQ9,MAST/STEM CELL GROWTH FACTOR RECEPTOR KIT,atorvastatin,A,"CYS_673_A, LEU_625_A, MET_624_A, GLU_671_A, GLY_598_A",-7.709
8PQ9,MAST/STEM CELL GROWTH FACTOR RECEPTOR KIT,ibuprofen,A,"CYS_673_A, LEU_625_A, MET_624_A, GLU_671_A, GLY_598_A",-6.675
8PQ9,MAST/STEM CELL GROWTH FACTOR RECEPTOR KIT,caffeine,A,"CYS_673_A, LEU_625_A, MET_624_A, GLU_671_A, GLY_598_A",-5.881
8PQ9,MAST/STEM CELL GROWTH FACTOR RECEPTOR KIT,aspirin,A,"CYS_673_A, LEU_625_A, MET_624_A, GLU_671_A, GLY_598_A",-5.611
8PQ9,MAST/STEM CELL GROWTH FACTOR RECEPTOR KIT,adamantane,A,"CYS_673_A, LEU_625_A, MET_624_A, GLU_671_A, GLY_598_A",-5.051
